date,mean,median,lower_80,upper_80,infections,test_adjusted_positive,test_adjusted_positive_raw,positive,tests
2020-03-14,0.7313506691449225,0.7125121336400447,0.4725658189856835,0.9072129822336347,20.20183522814001,0.0,0.0,0.0,0
2020-03-15,0.7305366689764509,0.7111301250519623,0.528171167320544,0.9503880608535086,0.09929853776880525,0.0,0.0,0.0,0
2020-03-16,0.7311325249724568,0.7142798308641591,0.502690143437573,0.9070201009262766,1.407324302412804,0.0,0.0,0.0,0
2020-03-17,0.7321837957845019,0.7229391905427394,0.5211789019308488,0.9158498055209316,2.6577340152717888,1.6572371835456388,0.0,0.0,0
2020-03-18,0.7300514386861383,0.7214705750105808,0.5182252028826195,0.895546062284093,2.7560323131933893,2.567179075211549,0.0,0.0,0
2020-03-19,0.7275112361609043,0.7180539130742212,0.5229266303865818,0.8843600785022561,2.4886030907892884,2.995673925854493,0.0,0.0,0
2020-03-20,0.7272917287484323,0.7232144589394673,0.557785349438657,0.8930781920325322,2.2722903903174516,3.177690562711036,0.0,0.0,0
2020-03-21,0.719694562604387,0.7080913467607187,0.5386385270780366,0.8552134499463477,2.1239881075101863,3.3860878601778723,0.0,0.0,0
2020-03-22,0.7116965498385776,0.7013679682159103,0.5494291163514058,0.8588849585813629,1.9978805434585396,3.4026512019928887,0.0,0.0,0
2020-03-23,0.707918210059884,0.6989895080132895,0.5409555944078799,0.8464095417842454,1.8771696951873909,3.567203233262929,0.0,0.0,0
2020-03-24,0.7017865387017352,0.6931689498113691,0.5316562805280978,0.8210678460917991,1.760771202672318,3.396791110005405,2.0,2.0,200000
2020-03-25,0.6942157974467491,0.6831476615548745,0.561170601986329,0.8452094937414015,1.650340716617056,3.276662030254721,2.0,2.0,200000
2020-03-26,0.6891440107201164,0.6801282335392204,0.5463725972067527,0.813293281252044,1.5460288243308042,3.259787103724066,2.0,2.0,200000
2020-03-27,0.6861132897158956,0.6802555298561321,0.5500513562226109,0.8073939073042677,1.4468651484980979,3.0639059645449875,2.0,2.0,200000
2020-03-28,0.6818896823801497,0.6779504502778876,0.546531608269227,0.7956616663125212,1.3525894912034861,2.9349544677342294,0.0,0.0,200000
2020-03-29,0.6766758201980412,0.6728284022567479,0.5295772893399195,0.7767201505388514,1.2634823178175045,2.782602339431694,1.0,1.0,200000
2020-03-30,0.6700036877816011,0.6623897165714772,0.5370734964722224,0.7790274517780649,1.1794148427534767,2.7237615937905355,6.0,6.0,200000
2020-03-31,0.6664394416206078,0.6600806795410752,0.5428523971237762,0.7832111066211618,1.0998873465392858,2.5431018059883175,1.0,1.0,200000
2020-04-01,0.662307844719949,0.6532616842712761,0.5383011995722216,0.7782119271276111,1.024436833339308,2.388130672702438,5.0,5.0,200000
2020-04-02,0.6598008469528969,0.6481336695547351,0.5317509106771026,0.7610840873700434,0.9530941427470062,2.2505703486416575,5.0,5.0,200000
2020-04-03,0.6560060900499729,0.6526781922772555,0.5161341900479944,0.7531027060625382,0.8759413203933,2.1248156138366583,5.0,5.0,200000
2020-04-04,0.6531858447489683,0.6493967459119179,0.5255327234351094,0.7512962456603656,0.8154938653060354,1.9977028210039902,1.0,1.0,200000
2020-04-05,0.6503066508625226,0.6467887937629403,0.5337639722142185,0.7603821707806449,0.7570314166079082,1.8973521861509297,1.0,1.0,200000
2020-04-06,0.6479811375130069,0.6442564931180907,0.5385499747734733,0.767270188579693,0.7009099080752124,1.7826705147705297,1.0,1.0,200000
2020-04-07,0.6459708591400763,0.6451577764634334,0.5230108325407833,0.7458751713643204,0.6484137158096152,1.6595957817411224,0.0,0.0,200000
2020-04-08,0.6446602384178542,0.6419887287562621,0.5158954711989114,0.745793341280526,0.5996104718278142,1.5451585590402572,3.0,3.0,200000
2020-04-09,0.6433109256524691,0.6378464936184538,0.5133811215243551,0.7456053034037948,0.5541920882110065,1.4539201499534993,0.0,0.0,200000
2020-04-10,0.6431570930909545,0.6358766063447463,0.5023457534768948,0.7293235749583368,0.5119293128442514,1.360365980853515,0.0,0.0,200000
2020-04-11,0.6484324284303181,0.643138193554495,0.5336643494669314,0.749057293427235,0.4726565693350804,1.2768814986503398,1.0,1.0,200000
2020-04-12,0.6537181350161541,0.6483608232509769,0.5341796669546355,0.7669633373012312,0.43631663130078174,1.1841003862275443,1.0,1.0,200000
2020-04-13,0.6624246340077664,0.6498781028558647,0.5508899360744063,0.7825107531213202,0.4030334570488897,1.1082987767289822,1.0,1.0,200000
2020-04-14,0.668734283295481,0.6617464283726822,0.5509438706784064,0.7721023026956811,0.37277593494695244,1.0324876275684804,2.0,2.0,200000
2020-04-15,0.6745719639066978,0.6703801565267468,0.5602773137323087,0.7762326709988974,0.34539254595708846,0.9674046871686847,1.0,1.0,200000
2020-04-16,0.6850496765631701,0.6829785562144168,0.5710566589896646,0.7938201778548667,0.3206221436698501,0.8994434108374613,9.0,9.0,200000
2020-04-17,0.6959671778765798,0.6912218687381413,0.5554643255647536,0.7899171232472201,0.2981266777857967,0.8409563312827055,1.0,1.0,200000
2020-04-18,0.7081863439016987,0.7071098570710451,0.5700713725737221,0.8125021806467745,0.2777692913979615,0.7814079430818986,0.0,0.0,200000
2020-04-19,0.7236341094974738,0.717060282013054,0.568802658168727,0.8261370236371264,0.2594526713921885,0.7289021444396414,0.0,0.0,200000
2020-04-20,0.7407391077203124,0.7339490350778612,0.5999281916161064,0.8617913486181169,0.2430074093097597,0.6762735547426937,0.0,0.0,200000
2020-04-21,0.7550650011116917,0.7505309560850653,0.6051530303137368,0.8790537070075287,0.22832903687537415,0.6306619517366782,0.0,0.0,200000
2020-04-22,0.7713418730312618,0.7660466295354862,0.6040348785854993,0.8817085961727457,0.21534627781705212,0.5876459085248662,1.0,1.0,200000
2020-04-23,0.7883578542928938,0.7893356474236171,0.624172457375309,0.9065236200526816,0.20388163285549205,0.5531593869029444,0.0,0.0,200000
2020-04-24,0.8097267574331446,0.8057136709252254,0.6689829634610914,0.9569312315468858,0.19374045241915092,0.5116977261466394,0.0,0.0,200000
2020-04-25,0.8312276273400339,0.8238232155612546,0.6853577179947125,0.9699947651041011,0.18483354881084219,0.47647676543423695,0.0,0.0,200000
2020-04-26,0.8575967364249496,0.8543133397542587,0.7130766136875896,1.0091807305325,0.177129872310873,0.444950716576376,1.0,1.0,200000
2020-04-27,0.8851669634539835,0.8782348852793623,0.7081717344127775,1.0091769773414214,0.1705983612002527,0.4192068667514889,0.0,0.0,200000
2020-04-28,0.9136576809885496,0.9083429427644774,0.7545391047074164,1.0717516343692484,0.16521607989886533,0.39069883005704287,1.0,1.0,200000
2020-04-29,0.9402974803874029,0.92673586059878,0.7512850424604619,1.0696612063683262,0.1609250473002091,0.36719065619539987,0.0,0.0,200000
2020-04-30,0.9717711632685743,0.964539874807562,0.7973454789841398,1.1184294947168005,0.15766391156126527,0.3450878378687976,0.0,0.0,200000
2020-05-01,1.0055952992696384,1.0016802128183981,0.8335108410673533,1.1611471240572477,0.15537126343810845,0.3254629860925547,0.0,0.0,200000
2020-05-02,1.0430778077227159,1.0338877865967353,0.8790165127436165,1.2416223407363223,0.15402515930267924,0.309767612462233,0.0,0.0,200000
2020-05-03,1.0812475261854058,1.0735083182412497,0.8620360638426279,1.2414955014237976,0.15365403856761303,0.29338719831104826,0.0,0.0,200000
2020-05-04,1.1214641287690628,1.1159999528657967,0.909818497468529,1.2921925867825614,0.154324978705882,0.2797858738897005,2.0,2.0,200000
2020-05-05,1.1635716921032675,1.1559718709711562,0.9644180274374413,1.355319369961718,0.15608969278680385,0.26752461700533486,0.0,0.0,200000
2020-05-06,1.1985008143884273,1.1906711537000312,0.988828893275231,1.3889541729480277,0.15901558692080853,0.2596639138093742,0.0,0.0,200000
2020-05-07,1.239117522926737,1.2293880588480681,1.0118574086146503,1.4261335202603072,0.16322122061189767,0.24933334372298757,0.0,0.0,200000
2020-05-08,1.2800149320441054,1.2693449392191762,1.0662298609964953,1.4823059412830117,0.16867925993240207,0.24176422232822883,0.0,0.0,200000
2020-05-09,1.3237377417527285,1.3140102945897638,1.0954178192043114,1.519811454282861,0.17542919919393896,0.2368542986158646,0.0,0.0,200000
2020-05-10,1.3739314359413202,1.3643561912753048,1.168666309884319,1.5970475405346063,0.18364275211783151,0.2312342184186798,0.0,0.0,200000
2020-05-11,1.41109250652592,1.4022940863938056,1.163691567104608,1.608730229377979,0.1935575618537304,0.2299126133229469,0.0,0.0,200000
2020-05-12,1.4504081987849373,1.438661322741249,1.199387199380798,1.6503802772560834,0.20552620744781935,0.22966810562733767,0.0,0.0,200000
2020-05-13,1.4915650171821744,1.4755284864204854,1.2252465511663775,1.6876691788596883,0.2196814290085619,0.23060030415447103,0.0,0.0,200000
2020-05-14,1.5315078354948821,1.5169898970181532,1.2559250192699354,1.7358105994292063,0.23615176966233975,0.2319563650435754,0.0,0.0,200000
2020-05-15,1.5649999256855887,1.55437673624639,1.280961196438594,1.7832009521565069,0.2553223105582073,0.23835699648933803,0.0,0.0,200000
2020-05-16,1.6003776214397591,1.5834363847810742,1.3125937708382829,1.8328390168471043,0.2776430141967931,0.23997075621131211,0.0,0.0,200000
2020-05-17,1.6273564133978462,1.6143454724953752,1.3596684261204157,1.8971729711309908,0.30343696368716794,0.24800187029895943,0.0,0.0,200000
2020-05-18,1.650516532172176,1.630675075011026,1.3798772407830062,1.9370537805589096,0.33312449901229135,0.258058670244023,0.0,0.0,200000
2020-05-19,1.6677306190657628,1.649108561092285,1.3911970632042687,1.945041880905322,0.3671466623909811,0.27026498229334217,0.0,0.0,200000
2020-05-20,1.6797448669596529,1.6525456514605419,1.3452041695459143,1.9066980903596675,0.40591917182886117,0.2850867075373919,0.0,0.0,200000
2020-05-21,1.6847071727816882,1.6608176104762666,1.3685894957214884,1.9230411708537982,0.44986778118020687,0.3029030100122145,0.0,0.0,200000
2020-05-22,1.6764131390556025,1.6600306241175335,1.3516336066178642,1.8960248766711607,0.49941007468162363,0.32404363366266864,0.0,0.0,200000
2020-05-23,1.665820523404868,1.6499593497495182,1.3488227362470027,1.8833102970314075,0.5548593578470778,0.348867035193488,0.0,0.0,200000
2020-05-24,1.6398564772266542,1.6297855747177359,1.3329274279230947,1.8667133453175893,0.6161477006758141,0.37776880638692145,0.0,0.0,200000
2020-05-25,1.6107616495125643,1.5968765402024534,1.3383477022918726,1.8520273740329831,0.6832853078380363,0.41117391088819,0.0,0.0,200000
2020-05-26,1.5705319526703443,1.5631370417952037,1.2949514180403354,1.8014920524184654,0.755748263390391,0.4495176099385941,0.0,0.0,200000
2020-05-27,1.5283034894436278,1.5127433777711474,1.279056122170754,1.7588914272000684,0.832750747380945,0.49321253850554414,0.0,0.0,200000
2020-05-28,1.4747667473423516,1.466505929222428,1.2250769495271774,1.6853597537003444,0.9130559200025473,0.5426261313342664,0.0,0.0,200000
2020-05-29,1.4190099977052233,1.4083483878449305,1.1845250099345177,1.6434122848848611,0.9951746520047677,0.5980337669600535,0.0,0.0,200000
2020-05-30,1.3638092282640712,1.3583776895995219,1.131405590653161,1.553539621803507,1.07715878865646,0.659577688886779,0.0,0.0,200000
2020-05-31,1.3035322750802225,1.291127493690712,1.0748443760008028,1.4840061475541027,1.1567342272355718,0.7272087018865014,0.0,0.0,200000
2020-06-01,1.2490669690160932,1.245866037457487,1.0196341348755626,1.4127315624613088,1.2320412792216051,0.8006542742426879,0.0,0.0,200000
2020-06-02,1.198949649872082,1.1936262389414365,1.0047792153116957,1.3822382051069395,1.300869619638206,0.8793677559880093,1.0,1.0,200000
2020-06-03,1.1503788863482411,1.141642662498187,0.9464498823499237,1.311161453676992,1.361487691721253,0.9624997167731726,1.0,1.0,200000
2020-06-04,1.1039454268655329,1.0978380961186587,0.8966404106554509,1.253168622339851,1.4130436453342723,1.0489251822238603,2.0,2.0,200000
2020-06-05,1.0621820961019546,1.0556186941808967,0.8744331209512918,1.1998081608365703,1.4546326480383533,1.13726370638497,2.0,2.0,200000
2020-06-06,1.0266413023652503,1.014744312498102,0.8699608680770223,1.2013119103702348,1.4854453751993046,1.2259298416350564,1.0,1.0,200000
2020-06-07,1.000457516238725,0.9945885223131217,0.8253454733518086,1.1252929528673734,1.50535241135991,1.3132620421916885,1.0,1.0,200000
2020-06-08,0.9834604900131108,0.9724690040294561,0.8471240655257837,1.14022970649003,1.5152232570442725,1.397593371375284,1.0,1.0,200000
2020-06-09,0.9721377815675497,0.9668522434361997,0.8230249383967297,1.1174612812762779,1.5168714276018715,1.4772919249028758,12.999999999999998,13.0,200000
2020-06-10,0.9611554332993378,0.9557064558842794,0.807354296685913,1.0903132950466687,1.512664502828119,1.5508471624698368,4.0,4.0,200000
2020-06-11,0.9544479257133882,0.9506107398305166,0.7909027843449953,1.0738325527794257,1.5046687461371717,1.616984105267202,2.0,2.0,200000
2020-06-12,0.9554209795401672,0.9499041708874422,0.7852986200083689,1.0703008155101086,1.493745844913187,1.6747980781395009,1.0,1.0,200000
2020-06-13,0.9586201182876265,0.9538292541669025,0.8018332005309642,1.0850488785221173,1.4805938327657704,1.723856580753592,4.0,4.0,200000
2020-06-14,0.9651085977550489,0.9599215420769021,0.7964613561156998,1.0857298173887573,1.466788198019098,1.7641868192968972,2.0,2.0,200000
2020-06-15,0.9749052630048796,0.9715609301521103,0.8153230932131575,1.1014651595319531,1.453751471802655,1.7961414594141392,2.0,2.0,200000
2020-06-16,0.987340154921627,0.979106386716456,0.8548225822783525,1.1478528901845086,1.4422632290004183,1.8202881193303517,5.0,5.0,200000
2020-06-17,1.0076354471996158,0.9986790606775849,0.8717089493536772,1.1827158162027398,1.4330894545289636,1.8374073235192818,2.0,2.0,200000
2020-06-18,1.02492840534901,1.0154715272293178,0.8487566707945358,1.1603124905800428,1.4271210186147818,1.8484688759230117,1.0,1.0,200000
2020-06-19,1.0406763288418615,1.0370605816496643,0.8616257767057122,1.1817422170069365,1.4257515221814212,1.8545512568736844,1.0,1.0,200000
2020-06-20,1.0593234460857466,1.0483613786175723,0.8972013274991584,1.2128995705535293,1.4295165737412494,1.8567830826302287,0.0,0.0,200000
2020-06-21,1.0788717231808775,1.0766265291313943,0.9327273466852487,1.2549179082682245,1.4377831545501676,1.8563119610740144,0.0,0.0,200000
2020-06-22,1.0927461144596926,1.0846924572382504,0.9169267021444525,1.239529336580718,1.450517332631085,1.854336222547819,1.0,1.0,200000
2020-06-23,1.1117354019929717,1.1058371684667525,0.9360426563512745,1.2672911568616982,1.4683518699814864,1.8520573013007735,0.0,0.0,200000
2020-06-24,1.1280237604042513,1.125431138907992,0.9233800352162597,1.2562504639609589,1.4910886332763935,1.8505421899878638,2.0,2.0,200000
2020-06-25,1.142560889377811,1.1405261785367424,0.9615098819033668,1.3002090024377067,1.5188457211483015,1.8507008279285644,0.0,0.0,200000
2020-06-26,1.1518250505319687,1.1468567862175676,0.9624756742662687,1.2942537964751808,1.5519348713851453,1.8533568320738096,0.0,0.0,200000
2020-06-27,1.1615265107501758,1.1466409653045408,0.9813761416714913,1.312115763228847,1.5901439899125327,1.85921766966827,2.0,2.0,200000
2020-06-28,1.1716119102191194,1.1605125747915928,1.012231835572255,1.3459215867299432,1.6327908072835142,1.8688824049542139,0.0,0.0,200000
2020-06-29,1.1798643124323396,1.1728397924124958,0.9924018765344799,1.3282028404410189,1.6794795697815406,1.8828705419013625,4.0,4.0,200000
2020-06-30,1.183475864849229,1.1784894459492097,0.9884004385132849,1.3258005292604649,1.7305390078759846,1.9016074277202837,2.0,2.0,200000
2020-07-01,1.191036522985975,1.1898164557240811,1.0015926032991564,1.345926645630936,1.7858538502122028,1.9253884152045808,0.0,0.0,200000
2020-07-02,1.1946993868394298,1.1929598334127502,0.9684980298360575,1.319034916536012,1.8446455939869917,1.9543822194726883,0.0,0.0,200000
2020-07-03,1.194933079559279,1.187262849088253,1.01856850933728,1.3684004668743481,1.9070693733223756,1.9886915590164407,1.0,1.0,200000
2020-07-04,1.189103091132837,1.183088487411009,1.0130114507355157,1.3676940234437607,1.973317276660799,2.028376369616884,4.0,4.0,200000
2020-07-05,1.1915392121033939,1.188113908500263,1.0139538468307798,1.359200533895138,2.0425336103122693,2.0734098483382195,0.0,0.0,200000
2020-07-06,1.1966510069168725,1.1961826315642443,1.0059985761552288,1.3377853410873684,2.1133688537928172,2.123718051435981,3.0,3.0,200000
2020-07-07,1.2001754167929146,1.187676634827403,1.0311135933811528,1.3718233745971784,2.186535168328269,2.1792227137952804,0.0,0.0,200000
2020-07-08,1.2048918901477697,1.1990089227626188,1.0203432462740372,1.3558478043648914,2.2639280856882125,2.239785500698145,5.0,5.0,200000
2020-07-09,1.205122012512544,1.204477470473199,1.0090655907327313,1.3627651994774779,2.3458885504745806,2.3051326283022786,1.0,1.0,200000
2020-07-10,1.2128769502438828,1.2060172695868099,1.0263666083075085,1.3606425302398175,2.4323296589031997,2.3749806741212747,3.0,3.0,200000
2020-07-11,1.2274826302151636,1.2255420585935872,1.0704342595196588,1.3996429022154386,2.522988490184022,2.4492221756430332,1.0,1.0,200000
2020-07-12,1.2404591877679005,1.2388314131949083,1.0620023036994723,1.3877420896634205,2.619130255585792,2.5279048459515527,5.0,5.0,200000
2020-07-13,1.250170743874142,1.2440568115395794,1.0622652507072181,1.4041633259573933,2.7241167512556923,2.611140656385616,6.0,6.0,200000
2020-07-14,1.2590742819565135,1.2578246178723864,1.079538005715351,1.4247138866626974,2.839819367494492,2.699034557015039,6.999999999999999,7.0,200000
2020-07-15,1.2773951171109692,1.2720727391325883,1.0870170515611561,1.453817514869037,2.9657949658829073,2.7917909119004563,6.0,6.0,200000
2020-07-16,1.2896846383554454,1.288477802787804,1.1064042632652082,1.4651588649205036,3.10212949613187,2.8899525285328895,2.0,2.0,200000
2020-07-17,1.3020470091661653,1.3012217959545973,1.101736874812816,1.4621117096991765,3.2521379093440785,2.9943835985110314,1.0,1.0,200000
2020-07-18,1.302962605546817,1.2946020202375093,1.0959103842880218,1.4669996996908727,3.417706088734343,3.106012813051269,4.0,4.0,200000
2020-07-19,1.3053963332995842,1.3000180390152607,1.1081137443208027,1.4784296926425944,3.5983738602899606,3.225750594285923,1.0,1.0,200000
2020-07-20,1.3008183932537398,1.2902504877762002,1.076429999268863,1.440345644694173,3.791240983448021,3.3547130864161607,1.0,1.0,200000
2020-07-21,1.2946535962163281,1.284040732099263,1.1036095680641167,1.465905219854098,3.9946177077403036,3.494225617459254,2.0,2.0,200000
2020-07-22,1.2804143332959816,1.2802854452750072,1.071599421165369,1.4355304183668616,4.207364420483573,3.645617041739832,3.0,3.0,200000
2020-07-23,1.2610018262184497,1.2574088483584465,1.08234771419451,1.4265741641547642,4.427177240606299,3.8098699127441003,3.0,3.0,200000
2020-07-24,1.236776108869896,1.2283031862640352,1.0575639271585822,1.4093492011889428,4.6498579439043315,3.987557034234914,1.0,1.0,200000
2020-07-25,1.208498133140976,1.1999785663770963,1.0445540421771462,1.3812166257332692,4.8700292585351885,4.178894988167672,1.0,1.0,200000
2020-07-26,1.1786607794383668,1.1676253159530765,1.0195240040607556,1.3409884190613524,5.081749718411446,4.383720915489018,2.0,2.0,200000
2020-07-27,1.1409939931342716,1.1289029424344719,0.9755197140952738,1.2878163489795655,5.278967660256268,4.60129314634032,6.0,6.0,200000
2020-07-28,1.1076291895513488,1.0973945771251512,0.9416195733121662,1.24876840631182,5.456608497107563,4.8301410984913025,2.0,2.0,200000
2020-07-29,1.0733229364337165,1.0660192049083257,0.9273802591685639,1.2250117462868382,5.607463113897455,5.067997147631531,6.999999999999999,7.0,200000
2020-07-30,1.0336597280485067,1.0288994731621068,0.8678137303384098,1.159042582921528,5.726924750279575,5.3117982911221215,6.0,6.0,200000
2020-07-31,1.0025424160588159,0.9946093523352351,0.8489833744788612,1.1471749476559434,5.813114966582288,5.557806998496136,1.0,1.0,200000
2020-08-01,0.97439420495808,0.967844809686742,0.8150654456402222,1.0916132648119352,5.861307642650113,5.801548438164571,2.0,2.0,200000
2020-08-02,0.9460649193824708,0.9433781025606685,0.7804956900465044,1.0539398631527188,5.8715581771130445,6.0380552515524535,8.0,8.0,200000
2020-08-03,0.9243505189300525,0.9221791941142581,0.7903759535866156,1.0524219478255536,5.84857558415424,6.262252940781713,6.999999999999999,7.0,200000
2020-08-04,0.9022299051424667,0.9002601874312766,0.7672011447329623,1.0195346605382454,5.794829106231128,6.468966455740457,11.0,11.0,200000
2020-08-05,0.8875620869968391,0.884666020765482,0.7585305625725915,1.0058076184387874,5.713767891835565,6.6532782679719595,9.0,9.0,200000
2020-08-06,0.8755060337856864,0.8694337489288702,0.7576079758541295,1.0070251645277923,5.609174295156066,6.811147315352708,18.0,18.0,200000
2020-08-07,0.8710592834705484,0.8693452127810196,0.7537158543846421,0.9959642587022773,5.486654693888663,6.9395087577058705,10.0,10.0,200000
2020-08-08,0.8708403684530314,0.8640163941482538,0.7482356351851676,0.9875467761484105,5.352644754396611,7.036334934784273,3.0,3.0,200000
2020-08-09,0.8751950486586803,0.8695155315289498,0.7513415204456533,0.9862488487606301,5.21372090958452,7.100641586727166,8.0,8.0,200000
2020-08-10,0.8809625430944884,0.8766623111746504,0.7381885080711594,0.9905695606332754,5.076317341299606,7.132509412928603,17.0,17.0,200000
2020-08-11,0.8943229766860071,0.8906079315864601,0.7452092135520145,1.0023059008255262,4.945567432970933,7.133174490606681,14.999999999999998,15.0,200000
2020-08-12,0.9065643365516923,0.8969803253531214,0.7642728667279852,1.0161963945428842,4.824188238923565,7.105021245873114,3.0,3.0,200000
2020-08-13,0.9271098945023462,0.9226307517192701,0.7965600310675816,1.0420506704929438,4.715626859447751,7.051401357837072,14.999999999999998,15.0,200000
2020-08-14,0.9511189524819609,0.9472468953554416,0.8168481633033198,1.0771560522885992,4.621934373440618,6.976429767419699,3.0,3.0,200000
2020-08-15,0.9770164008747527,0.9703852927551634,0.8107024313185994,1.0885416424218584,4.545761959284546,6.884606369063986,12.999999999999998,13.0,200000
2020-08-16,1.010076588146842,1.0002698167439945,0.8675520461061137,1.150050585641871,4.491031916001775,6.780623043694929,3.0,3.0,200000
2020-08-17,1.0381717034273819,1.030830335505907,0.8760029485267152,1.15323084128738,4.4597380737829235,6.669130901943429,3.0,3.0,200000
2020-08-18,1.0739539492320078,1.06719124164934,0.8987897423444207,1.1985665922354725,4.454638416286665,6.55467754515807,2.0,2.0,200000
2020-08-19,1.1105843655931154,1.101501566792087,0.9494214755936706,1.2670420023886246,4.476501762694096,6.441791935353089,4.0,4.0,200000
2020-08-20,1.1473299779967845,1.1403160602357465,0.9750872132081417,1.2910515009544048,4.5266678686288655,6.3348521055983325,12.0,12.0,200000
2020-08-21,1.1851912474450983,1.1770732086449405,1.0271890292249377,1.3499462469186043,4.6076980833709555,6.238068652769382,4.0,4.0,200000
2020-08-22,1.227024079462183,1.21820439023117,1.0235436182626565,1.37564906399845,4.721711100916683,6.155363775754965,0.0,0.0,200000
2020-08-23,1.2661707568817684,1.2617546228741483,1.0978833388764375,1.4456854331684528,4.870937418665541,6.090341910379265,6.0,6.0,200000
2020-08-24,1.3019068352101624,1.2941832698616378,1.146826788294502,1.5094088230095506,5.0595100698103685,6.046396851207965,4.0,4.0,200000
2020-08-25,1.335118414423851,1.3281748665159723,1.1347673830230967,1.5005026082990134,5.291146903569783,6.026797705816124,6.0,6.0,200000
2020-08-26,1.373087014376203,1.3639657630914193,1.1874376792154009,1.544791523689673,5.567110750852099,6.03468494190741,6.0,6.0,200000
2020-08-27,1.4060134746166324,1.403627372828901,1.2036423820563817,1.5763416909116887,5.889464325261623,6.07327334733003,12.0,12.0,200000
2020-08-28,1.4312324553417226,1.4338829883468789,1.2193532314952193,1.6015143111273693,6.265243341088357,6.145906605650042,4.0,4.0,200000
2020-08-29,1.450345070019558,1.4483129926276461,1.2696554077016837,1.6494181281129972,6.7009146607932,6.255894765594734,1.0,1.0,200000
2020-08-30,1.4696872008005177,1.4672034242498109,1.2526033018511276,1.6485745781651637,7.197393041794316,6.4064888406945215,0.0,0.0,200000
2020-08-31,1.4777357566443476,1.4716052246402627,1.2787918269600205,1.6717948747328275,7.754431611507586,6.6012630251473015,2.0,2.0,200000
2020-09-01,1.4792352590110929,1.4740742405737395,1.279425628504525,1.6833268704059874,8.375759381648718,6.844305279709716,6.0,6.0,200000
2020-09-02,1.4698202650023535,1.4657142968860257,1.2554240158717183,1.6533661291158261,9.062183360295835,7.139817069833657,3.0,3.0,200000
2020-09-03,1.4519428830072452,1.4428775085667815,1.2602595536449839,1.6399762833674436,9.809765203041982,7.491738761665762,8.0,8.0,200000
2020-09-04,1.4369601973724184,1.4321142937488807,1.2451494600481918,1.6265870640237896,10.609876609171515,7.903886190577847,11.0,11.0,200000
2020-09-05,1.410435688690419,1.4046791160240562,1.1997969933614412,1.56856273364014,11.450079391106181,8.37986141077543,9.0,9.0,200000
2020-09-06,1.3779655722485977,1.3779296600319144,1.2026619326223555,1.5541460964992397,12.325103629438352,8.922622518508934,4.0,4.0,200000
2020-09-07,1.3440677487698278,1.3449388928825705,1.1643455524085842,1.5029933694405913,13.22243977390165,9.533819574055567,9.0,9.0,200000
2020-09-08,1.3062545306406466,1.3067729326572448,1.1401668137723127,1.4779243453131552,14.119929300687044,10.21319348095369,9.0,9.0,200000
2020-09-09,1.2588323207743928,1.2495112046177108,1.0615350911247452,1.4086007595048957,14.998598648973894,10.959002744174917,5.0,5.0,200000
2020-09-10,1.2121879632343227,1.2078709577820232,1.0381467323616984,1.3701166882352227,15.839704070954902,11.767819651152271,8.0,8.0,200000
2020-09-11,1.1726913981432094,1.1653608764778776,0.9953944059243105,1.3143734873665023,16.611420794210783,12.633620068763872,20.0,20.0,200000
2020-09-12,1.1240097107878038,1.1180232395265053,0.9555360411869315,1.263579100887396,17.28607954791881,13.547676086824556,9.0,9.0,200000
2020-09-13,1.0769394316663727,1.0694274208017491,0.9294116207377175,1.229610526378277,17.85720700121327,14.498824009900689,23.0,23.0,200000
2020-09-14,1.0306729933912464,1.0257752611409137,0.9021899156940186,1.1918739077045315,18.30792215674392,15.472623372421102,23.0,23.0,200000
2020-09-15,0.9833043050507665,0.9811098995307017,0.8559548827436292,1.122259316101341,18.614677254862016,16.451450236131336,18.0,18.0,200000
2020-09-16,0.9380178255233127,0.9319804405363563,0.8033128897447726,1.0550072340131547,18.765640564226505,17.41644710489005,20.0,20.0,200000
2020-09-17,0.8932967237218524,0.8870145609562073,0.769836427507675,1.0082573408112188,18.752074588394912,18.3479739273338,29.0,29.0,200000
2020-09-18,0.8497693070251906,0.8465861542299437,0.7303716629531947,0.9551436927207124,18.571053868197115,19.225361865891823,14.999999999999998,15.0,200000
2020-09-19,0.8097635106841197,0.8063777534206549,0.6914636292603231,0.9056769644080176,18.22662437843748,20.027644215109984,14.999999999999998,15.0,200000
2020-09-20,0.7756507000606101,0.7721474073420265,0.6654378395713854,0.8712595220412395,17.726845457668162,20.734288326924805,1.0,1.0,200000
2020-09-21,0.7419082398044717,0.738122439769615,0.6379048115949822,0.8428246087380933,17.088633996880464,21.326160438201793,9.0,9.0,200000
2020-09-22,0.7135542731553681,0.7108885588590517,0.6130490285170255,0.8104983764702651,16.3388104390597,21.786686396720768,29.999999999999996,30.0,200000
2020-09-23,0.684304031724363,0.6810997880275576,0.5876247461020411,0.7826126363245639,15.501558967191814,22.102330312302218,47.0,47.0,200000
2020-09-24,0.6608789367071002,0.6576148694700408,0.5728960662481514,0.758824251993311,14.60107834876061,22.263481121021222,27.999999999999996,28.0,200000
2020-09-25,0.6390890949711047,0.635147108397399,0.5434162046380387,0.7300345137088776,13.658322073089222,22.265780113199426,32.0,32.0,200000
2020-09-26,0.6193078504691799,0.6139846765747266,0.509887840676612,0.6970957939133241,12.69408327240155,22.11004816474711,27.0,27.0,200000
2020-09-27,0.6040668395831259,0.600168507847904,0.5059964117817508,0.6898959899553471,11.729204730513102,21.801879027421986,12.0,12.0,200000
2020-09-28,0.5886512342864624,0.5844212742946036,0.49314018389369485,0.6725411121835589,10.77964910927682,21.350963149518027,17.0,17.0,200000
2020-09-29,0.5739329959617911,0.571412230861541,0.48374015500181555,0.661328501371566,9.860664475854842,20.770415836465894,11.0,11.0,200000
2020-09-30,0.5629651985786108,0.5593908761056747,0.46238492472436515,0.6404676606895068,8.982215598861515,20.07608057721535,54.0,54.0,200000
2020-10-01,0.5522222664948168,0.5447984928217856,0.44779763907992337,0.626036791562033,8.148474191372172,19.28561684491422,32.0,32.0,200000
2020-10-02,0.5430336016423489,0.541330571174856,0.45224876657470126,0.6215268231128487,7.36502819742506,18.417751060076416,19.0,19.0,200000
2020-10-03,0.5371889964995156,0.5360874215295542,0.44996870361896224,0.6221545536522666,6.635857005457335,17.491398200739514,5.0,5.0,200000
2020-10-04,0.5282112082987812,0.5270864098932262,0.440344176304407,0.6179714448175445,5.961844132957328,16.52466623519008,17.0,17.0,200000
2020-10-05,0.5192635412574236,0.5184980860724338,0.42242640411383947,0.6020856499249687,5.34410678150088,15.53444676675333,17.0,17.0,200000
2020-10-06,0.5124952690058824,0.5073013321438612,0.4236943764827927,0.6043415328216848,4.779916640161885,14.536196305326065,17.0,17.0,200000
2020-10-07,0.5103146597127793,0.505868098568606,0.42517177069395135,0.5948596884793986,4.264261774857389,13.54357661336898,14.999999999999998,15.0,200000
2020-10-08,0.5086746046806673,0.5081003024468344,0.41539988858238,0.5869739413380335,3.7949618912913707,12.568466679587994,18.0,18.0,200000
2020-10-09,0.508146429096742,0.5052653351466151,0.4155212320016571,0.5915513249305956,3.3720508424536555,11.620721357843744,4.0,4.0,200000
2020-10-10,0.5072478688599378,0.5047217627021524,0.4198509908339616,0.5986573287078233,2.9942443600923863,10.70795593745584,2.0,2.0,200000
2020-10-11,0.5081571451512946,0.5037398464896614,0.41268960353781303,0.5872928262302823,2.6581907139583896,9.835871027776681,8.0,8.0,200000
2020-10-12,0.5119271095023612,0.5077511026269712,0.40554191904700887,0.5810014632049406,2.3595758967975855,9.008720779343948,12.999999999999998,13.0,200000
2020-10-13,0.5161817684835388,0.511180625190494,0.4259041357298324,0.5924739922012483,2.0946529908335703,8.229560051444523,3.0,3.0,200000
2020-10-14,0.5230124428997277,0.51763767172387,0.436699227523358,0.6108704984852927,1.8605773259211038,7.500329491625105,11.0,11.0,200000
2020-10-15,0.5332994902964966,0.5284038121801706,0.44086643689465965,0.6156847620589362,1.6545778033084035,6.821838877913232,2.0,2.0,200000
2020-10-16,0.5452721778851085,0.5358102193583225,0.44961020931076656,0.6364793423517836,1.4738253278350657,6.193875054152144,12.0,12.0,200000
2020-10-17,0.5580042996899934,0.5510521158955963,0.4650259407963801,0.6575079031012356,1.3160333707590233,5.615452963983963,1.0,1.0,200000
2020-10-18,0.5742226671034786,0.569100321586275,0.4734948549501387,0.6720800508197634,1.1790025547321428,5.085014259265026,6.999999999999999,7.0,200000
2020-10-19,0.5900290192625963,0.584205556968839,0.46366430890159815,0.6659189738634673,1.060170864669553,4.600547458331009,11.0,11.0,200000
2020-10-20,0.6107017133583065,0.6076660169570092,0.4975941919687572,0.7057624569900457,0.9573139677101747,4.159733373099756,6.0,6.0,200000
2020-10-21,0.6332968917484532,0.6267975899440336,0.5279444042034949,0.7423644768718073,0.8684307591181712,3.7600653040068512,11.0,11.0,200000
2020-10-22,0.6602945623390226,0.6572751422464663,0.5417921866852708,0.7661485574501563,0.7918651831628234,3.398888280325897,6.999999999999999,7.0,200000
2020-10-23,0.6896512250160217,0.681594036555159,0.5710736456656851,0.801122906175927,0.7263097279010862,3.073458160593167,1.0,1.0,200000
2020-10-24,0.7201804952467584,0.7160550781367006,0.6043414655092463,0.8531676929742875,0.670644841312941,2.7810153113195617,0.0,0.0,200000
2020-10-25,0.7525591911042886,0.7495770550242273,0.6125366839581204,0.8703610155777515,0.6238366479640772,2.518859961191378,1.0,1.0,200000
2020-10-26,0.7885570956234186,0.7792341602018786,0.6473785408310399,0.9186815307323422,0.5848004627551073,2.2844089032333996,1.0,1.0,200000
2020-10-27,0.8201954677074305,0.8156645039392412,0.6741220190950802,0.9370502889840454,0.552519724728255,2.075223805804299,3.0,3.0,200000
2020-10-28,0.8641494854408491,0.8557246577106766,0.7081194824477689,0.9931278322532949,0.5262328105343415,1.8890196874307041,1.0,1.0,200000
2020-10-29,0.9030983352536901,0.8918248167144045,0.7557480174697863,1.0579988413976926,0.5051062152668411,1.7236719466012094,2.0,2.0,200000
2020-10-30,0.9487229532481269,0.9409687709652759,0.7895872880229312,1.0967954535024904,0.48892789100651646,1.5772127173788937,0.0,0.0,200000
2020-10-31,0.996446920534156,0.9851153698799238,0.8277716854778906,1.1543799828478054,0.4775610899998812,1.447836553712772,0.0,0.0,200000
2020-11-01,1.0472090543259802,1.0348523513219865,0.8647265612373112,1.2161857812828674,0.4707627210916152,1.3338885480189924,0.0,0.0,200000
2020-11-02,1.0956530761412397,1.0865515911006354,0.9036397836014228,1.2657009032377238,0.46848037880955784,1.233884837421181,2.0,2.0,200000
2020-11-03,1.1476333444052012,1.1382421881008318,0.9537204246928005,1.3307347880002043,0.47074006467380186,1.1465199538657422,1.0,1.0,200000
2020-11-04,1.198588802030719,1.183092893134965,1.0115804317626855,1.4006960319556854,0.4774637827881191,1.0706568547511495,0.0,0.0,200000
2020-11-05,1.252963451051599,1.2389864161184856,1.0503247509364728,1.45880371818805,0.48871217186136007,1.0053268653386283,0.0,0.0,200000
2020-11-06,1.3023514247104315,1.2907726366293217,1.1071568010724444,1.5217749186695253,0.5047442487601703,0.9497206515642849,1.0,1.0,200000
2020-11-07,1.3526839032118512,1.3476465147445664,1.1313103746471398,1.5766077028473566,0.5259362487930209,0.9031600334539108,0.0,0.0,200000
2020-11-08,1.4039700149387022,1.4005550690219466,1.1433079175787781,1.5984275894399396,0.5526053765856411,0.8650903656477618,1.0,1.0,200000
2020-11-09,1.4482599058261563,1.443776508291823,1.2336357785425143,1.6855062768015399,0.5851468109066998,0.8350792249951681,0.0,0.0,200000
2020-11-10,1.4909372744702274,1.4799886977166499,1.2432827128271795,1.7125128374311474,0.6244121769359654,0.8128202700077535,0.0,0.0,200000
2020-11-11,1.5258446103183356,1.5210334539040238,1.2482980292977552,1.7207072192327442,0.6711545174485714,0.7981269444394788,0.0,0.0,200000
2020-11-12,1.5697278485404293,1.5551475103558614,1.26690942242875,1.7741483472701998,0.7258871825451592,0.7909196522768612,0.0,0.0,200000
2020-11-13,1.5975231346176342,1.5920754317016224,1.2945158229657965,1.8180734294655998,0.7892157447097502,0.7912519656317758,0.0,0.0,200000
2020-11-14,1.6263143376802076,1.6179578114027398,1.3817624934309147,1.9000368626873567,0.862751175393492,0.7993149599320487,0.0,0.0,200000
2020-11-15,1.646131589298794,1.6404524485247438,1.3712746890650653,1.8940523529373277,0.9476008123140246,0.8154031887787525,0.0,0.0,200000
2020-11-16,1.6643483697245265,1.6605750596170257,1.3931844590899913,1.9226090650365468,1.0447986730263477,0.8398959753604693,2.0,2.0,200000
2020-11-17,1.6783154928339374,1.6620009718355377,1.3525156708135364,1.903255525058068,1.1555649902206897,0.8733296592894758,1.0,1.0,200000
2020-11-18,1.6771359946703472,1.6657692750400566,1.411618915493002,1.938472560582073,1.2810498838503714,0.916387892946148,0.0,0.0,200000
2020-11-19,1.6710395360759305,1.6607253156066517,1.4039231875878821,1.916664690080679,1.4227896966137483,0.9698802719872598,1.0,1.0,200000
2020-11-20,1.665499326525338,1.6571050858807435,1.3762232276246418,1.8724935062331194,1.581262088527945,1.0347275783277774,0.0,0.0,200000
2020-11-21,1.6554508583842895,1.6527322464661043,1.3825326976908825,1.888011523901313,1.756606877532996,1.1119495041018743,0.0,0.0,200000
2020-11-22,1.6443815875484395,1.6349052958410488,1.3882126896140854,1.8916797805386971,1.9501291520405366,1.2026814801780015,2.0,2.0,200000
2020-11-23,1.6226736392267527,1.6138768328473483,1.3793936347573634,1.8557707286735499,2.1629891789303946,1.3080965666791446,0.0,0.0,200000
2020-11-24,1.6122794976634862,1.60052178934889,1.368387098325274,1.8183960130910042,2.3957306170458295,1.4293115424319125,0.0,0.0,200000
2020-11-25,1.6039731803918185,1.5878045251828357,1.372905326750098,1.8265564672643084,2.647687516751852,1.5674404323113722,2.0,2.0,200000
2020-11-26,1.5937389206746673,1.5799598985132133,1.3573171602470129,1.7944163357067715,2.9201673747187065,1.7236317017631686,2.0,2.0,200000
2020-11-27,1.5847031629936037,1.572782183378484,1.3521822357011672,1.7932385781143743,3.2165816537061827,1.8990183724238108,6.0,6.0,200000
2020-11-28,1.5758600760300647,1.5678977649284611,1.2956944603354128,1.7377770847414036,3.538859066028728,2.0945944418769025,3.0,3.0,200000
2020-11-29,1.569491456178211,1.557114409903511,1.3505075307633803,1.7815186372104677,3.8884673584189153,2.3113062365549832,3.0,3.0,200000
2020-11-30,1.5620444880095317,1.5571462967401835,1.3623692671658518,1.7879824291837836,4.267416072875452,2.5502991546354417,6.0,6.0,200000
2020-12-01,1.561756310739105,1.5592558371086755,1.3568949522739564,1.7739658614008558,4.678500177282078,2.8129385671140463,1.0,1.0,200000
2020-12-02,1.5596896764564405,1.5583587519839388,1.3603591990897133,1.794378585735776,5.124572352451412,3.1007307253159113,6.0,6.0,200000
2020-12-03,1.5649601239822064,1.5591152834161397,1.310170441990753,1.761663157853603,5.611154935045209,3.4153225090136763,6.0,6.0,200000
2020-12-04,1.5626164704301369,1.558949186557621,1.3619988394538833,1.8102655458507442,6.143684519943839,3.758562665219338,2.0,2.0,200000
2020-12-05,1.5640988104177564,1.5601437738782094,1.3419756292575626,1.7838915532997772,6.729026458616196,4.13254266987177,3.0,3.0,200000
2020-12-06,1.5622522378204027,1.557061185010343,1.32385401010411,1.7723975581437867,7.371639377865667,4.539819240344549,5.0,5.0,200000
2020-12-07,1.5522656031890778,1.5454693518973945,1.3219577496331982,1.7461450680626573,8.07600644195406,4.983477271887784,3.0,3.0,200000
2020-12-08,1.5530161607536863,1.5468911024790186,1.3444690922234586,1.761450595433229,8.846886349961684,5.4672796667020505,5.0,5.0,200000
2020-12-09,1.551624135612569,1.545671091987602,1.3470599591206356,1.7627233110707679,9.68358315709308,5.995502057198682,5.0,5.0,200000
2020-12-10,1.533227063091038,1.524064745530202,1.3407157597343595,1.731373496093993,10.59369252242003,6.572792181666535,12.0,12.0,200000
2020-12-11,1.5173575336242886,1.5186772323400266,1.3037313118621536,1.6920528212216819,11.587974377879789,7.204074629006472,2.0,2.0,200000
2020-12-12,1.504451877133211,1.5056433082075151,1.3061894664340965,1.701689579328299,12.655622065559264,7.894088918900877,3.0,3.0,200000
2020-12-13,1.4874833098723514,1.474180819414621,1.3024479567555274,1.7231382340929096,13.786202014481177,8.647759309499296,4.0,4.0,200000
2020-12-14,1.4659484018187596,1.4579182423352242,1.2639903128434078,1.68394645069841,14.984884109501506,9.470702917299043,16.0,16.0,200000
2020-12-15,1.4417886785635343,1.4293402690215053,1.2294147057459746,1.6287494897963375,16.25143608520039,10.36770656418701,8.0,8.0,200000
2020-12-16,1.423954799106442,1.4085566148528978,1.2001009142986316,1.6231252428733638,17.57408229082533,11.341822122062563,5.0,5.0,200000
2020-12-17,1.404772807172713,1.390510707861793,1.156775510259184,1.5826593639189226,18.94112818359166,12.395341337721117,20.0,20.0,200000
2020-12-18,1.3867773151110898,1.3713334051959483,1.143739241187067,1.5710217203119643,20.35443665696442,13.530003135143511,6.0,6.0,200000
2020-12-19,1.3752360146666383,1.3719157385489578,1.1452195185157994,1.575229183606079,21.8148148627379,14.746219744479525,4.0,4.0,200000
2020-12-20,1.3643766107725321,1.3602642086731958,1.1203825983410731,1.5683104680984277,23.31775842632759,16.042643484160525,10.0,10.0,200000
2020-12-21,1.355931955988853,1.3401310267511823,1.078771802631706,1.5541780369712643,24.87375585342674,17.41700279812128,42.0,42.0,200000
2020-12-22,1.351013754870487,1.3333435232336472,1.0675535623229266,1.5732156125191308,26.496466097458665,18.866847544662974,33.0,33.0,200000
2020-12-23,1.3480619962215894,1.3196426477573169,1.059608714980226,1.6095866433170565,28.194374295844987,20.38958168728242,24.0,24.0,200000
2020-12-24,1.3461099777091416,1.323110775826724,1.0311093883658544,1.5989865940426007,29.980979735776284,21.983377126853785,25.999999999999996,26.0,200000
2020-12-25,1.3467825508944058,1.3294900543555879,1.0342319340661326,1.6436737726991857,31.87796120120433,23.648085995414792,39.0,39.0,200000
2020-12-26,1.3468829899660968,1.3294999196225246,1.014454483987761,1.6763804031511873,33.90841114627287,25.385365733006083,9.0,9.0,200000
2020-12-27,1.3480721742836632,1.3236626109842842,0.9891824319341513,1.6902605203616266,36.09702673828465,27.19893372253546,29.999999999999996,30.0,200000
2020-12-28,1.3469991870198879,1.3295120694746392,0.9668976732027489,1.7081245153239162,38.46905600809673,29.095088193659482,21.0,21.0,200000
2020-12-29,1.3494826877066564,1.323038691114962,0.9081539237462749,1.6680047568510032,41.05480590349353,31.08305229805655,27.0,27.0,200000
2020-12-30,1.3510522194502295,1.3413332346527094,0.9663080945309627,1.7677105398331807,43.88654032742721,33.175358445838754,29.999999999999996,30.0,200000
2020-12-31,1.3531368796999075,1.31245712786744,0.9126570810630475,1.7326687550555566,47.00837447316792,35.38761134226726,32.0,32.0,200000
2021-01-01,1.354736936881895,1.3169790705448126,0.8866925167586924,1.7448680258989797,50.466869202729164,37.73849420914898,59.0,59.0,200000
2021-01-02,1.358908717849888,1.3303751635403,0.8940390500961249,1.7960430317439033,54.31636445475356,40.24996921533303,23.0,23.0,200000
2021-01-03,1.3629660571427789,1.326064008133819,0.7987296251807621,1.7078329920290911,58.61391745014439,42.948119034070515,25.0,25.0,200000
2021-01-04,1.3628163852656388,1.3171146586115599,0.830863475325338,1.7639467546959207,63.44467906577186,45.863440679764956,48.0,48.0,200000
